{
  "numTotalTestSuites": 1,
  "numPassedTestSuites": 1,
  "numFailedTestSuites": 0,
  "numPendingTestSuites": 0,
  "numTotalTests": 5,
  "numPassedTests": 5,
  "numFailedTests": 0,
  "numPendingTests": 0,
  "numTodoTests": 0,
  "startTime": 1719866185784,
  "success": true,
  "testResults": [
    {
      "assertionResults": [
        {
          "ancestorTitles": [
            ""
          ],
          "fullName": " Input alanına metin girdikçe hemen üstünde #output alanında metin görünüyor.",
          "status": "passed",
          "title": "Input alanına metin girdikçe hemen üstünde #output alanında metin görünüyor.",
          "duration": 42,
          "failureMessages": []
        },
        {
          "ancestorTitles": [
            ""
          ],
          "fullName": " Input alanına girilen metinler #output alanında büyük harfe dönüştürülüyor.",
          "status": "passed",
          "title": "Input alanına girilen metinler #output alanında büyük harfe dönüştürülüyor.",
          "duration": 8,
          "failureMessages": []
        },
        {
          "ancestorTitles": [
            ""
          ],
          "fullName": " Input alanına girilen metinler 10 karakterden küçükse yazı rengi royalblue oluyor",
          "status": "passed",
          "title": "Input alanına girilen metinler 10 karakterden küçükse yazı rengi royalblue oluyor",
          "duration": 43,
          "failureMessages": []
        },
        {
          "ancestorTitles": [
            ""
          ],
          "fullName": " Input alanına girilen metinler 10 karakterden büyükse yazı rengi crimson oluyor",
          "status": "passed",
          "title": "Input alanına girilen metinler 10 karakterden büyükse yazı rengi crimson oluyor",
          "duration": 12,
          "failureMessages": []
        },
        {
          "ancestorTitles": [
            ""
          ],
          "fullName": " Reset Butonu input alanının ve #output alanındaki metni sıfırlıyor",
          "status": "passed",
          "title": "Reset Butonu input alanının ve #output alanındaki metni sıfırlıyor",
          "duration": 11,
          "failureMessages": []
        }
      ],
      "startTime": 1719867898526,
      "endTime": 1719867898642,
      "status": "passed",
      "message": "",
      "name": "/home/projects/vitejs-vite-hungbz/src/__tests__/Input.test.jsx"
    }
  ]
}